nome,preco
kyLuxe Pillow,"R$ 100,00"
tellarTech Smartwatch,"R$ -50,00"
enBlend Tea Infuser,"R$ 75,50"
unaGuard Night Cream,"R$ -25,75"
eloGlide Bike Rack,"R$ 120,25"
quaWave Shower Head,"R$ -80,50"
erraFresh Plant Fertilizer,"R$ 99,99"
mberGlow Fireplace Logs,"R$ -49,95"
anoFit Earbuds,"R$ 60,80"
uxeScape Luggage Set,"R$ -30,40"
voCharge Electric Car Charger,"R$ 150,00"
ioBloom Facial Serum,"R$ -70,00"
parkleClean Window Cleaner,"R$ 55,25"
uraMist Air Purifier,"R$ -45,75"
atureFlex Yoga Mat,"R$ 200,50"
roVision Golf Clubs,"R$ -90,25"
itaFuel Protein Shake,"R$ 79,99"
ladeX Chef's Knife,"R$ -39,95"
quaPure Water Filter,"R$ 85,60"
ioBoost Garden Tool Set,"R$ -35,30"
ovaVibe Bluetooth Speaker,"R$ 180,00"
rbanHue Backpack,"R$ -60,00"
reshHarvest Salad Spinner,"R$ 65,25"
olarEco Outdoor Lights,"R$ -55,75"
rcticBite Cooler Bag,"R$ 220,25"
evitaGlow Anti-Aging Cream,"R$ -95,50"
EcoGlide Roller Skates,"R$ 89,99"
TerraTaste Picnic Basket,"R$ -29,95"
ZephyrZap Insect Repellent,"R$ 95,80"
TranquilBreeze Fan,"R$ -25,40"
SkyVista Telescope,"R$ 230,00"
OasisBliss Beach Towel,"R$ -75,00"
WaveQuest Surfboard,"R$ 70,25"
TrailBlaze Camping Stove,"R$ -50,75"
FlexiGrip Resistance Bands,"R$ 240,50"
UrbanPulse City Bike,"R$ -100,25"
VitaVigor Multivitamin,"R$ 109,99"
AeroTech Drone,"R$ -19,95"
PuroSilk Bed Sheets,"R$ 105,60"
BioBoost Garden Gloves,"R$ -15,30"
GlowSparkle Jewelry Cleaner,"R$ 260,00"
FitFuel Protein Bar,"R$ -80,00"
TerraTrak Hiking Boots,"R$ 75,25"
AquaMist Plant Mister,"R$ -65,75"
RevitaColor Hair Dye,"R$ 280,25"
EcoGrow Plant Pot,"R$ -110,50"
NovaFlow Running Shoes,"R$ 119,99"
SwiftHeat Electric Blanket,"R$ -9,95"
UrbanZen Meditation Pillow,"R$ 115,80"
ZenFresh Aromatherapy Diffuser,"R$ -5,40"
